image,pred_class,confidence,x1,y1,x2,y2
1689388044927_jpg.rf.865dfbfcf6491f32506638a0bc60d7ac.jpg,6,0.45566508173942566,0.0,333.16448974609375,648.1139526367188,593.9828491210938
1689388326411_jpg.rf.a934e3368903e2b1b59a04f0c48aa8a5.jpg,48,0.9570801854133606,437.72979736328125,0.0,738.4024658203125,703.2350463867188
1689557098876_jpg.rf.8c7b9f0026b7ec74139aca00d62974f2.jpg,14,0.6260157227516174,583.8754272460938,9.751172065734863,730.5496215820312,1008.0584106445312
1689557098876_jpg.rf.8c7b9f0026b7ec74139aca00d62974f2.jpg,14,0.5941134691238403,407.0586853027344,15.469531059265137,525.39501953125,988.8937377929688
1689557098876_jpg.rf.8c7b9f0026b7ec74139aca00d62974f2.jpg,14,0.519654393196106,250.358642578125,34.32851791381836,442.45977783203125,1011.1358642578125
1689557098876_jpg.rf.8c7b9f0026b7ec74139aca00d62974f2.jpg,14,0.4464001953601837,311.1708984375,2.365429639816284,526.9978637695312,1017.5712890625
1689557098876_jpg.rf.8c7b9f0026b7ec74139aca00d62974f2.jpg,14,0.41481733322143555,505.8464050292969,11.44541072845459,600.2781372070312,995.4055786132812
1689577829534_jpg.rf.12d018859010f283fd871a8c5e498b3f.jpg,0,0.45918717980384827,420.1595764160156,199.3654022216797,633.9697265625,855.9093627929688
1689577829534_jpg.rf.12d018859010f283fd871a8c5e498b3f.jpg,0,0.45665016770362854,384.8124694824219,445.6717834472656,486.2281799316406,828.2301025390625
1689577829534_jpg.rf.12d018859010f283fd871a8c5e498b3f.jpg,0,0.3985934555530548,557.6075439453125,299.0936584472656,768.0,1024.0
1689577829534_jpg.rf.12d018859010f283fd871a8c5e498b3f.jpg,0,0.2544306218624115,183.15005493164062,185.24551391601562,434.6913146972656,958.4020385742188
1689577829534_jpg.rf.12d018859010f283fd871a8c5e498b3f.jpg,0,0.2500244975090027,46.32622146606445,203.4269561767578,298.16583251953125,1024.0
1689577974563_jpg.rf.2ffd1d2dfc8f0df690ec3f1976f98a73.jpg,60,0.40906402468681335,286.6863708496094,2.216796875,562.0933837890625,869.2623291015625
1689578011527_jpg.rf.dbed31f6b688f1f4c74b3d97a6300e44.jpg,0,0.3132266104221344,243.69082641601562,85.498046875,604.5343627929688,1019.0859375
1689651076768_jpg.rf.262ae21e0e9a5ccd0f8fd036f6b8b32b.jpg,0,0.41335365176200867,152.519287109375,162.3537139892578,448.9726257324219,1024.0
1689651811316_jpg.rf.e7f847175cd42ffe4c039092966adf89.jpg,0,0.7555112838745117,163.96435546875,109.13037109375,602.3713989257812,1006.0656127929688
1689652445419_jpg.rf.221c8d28890054a848b2c8417ff3e237.jpg,14,0.49256283044815063,0.04670410230755806,197.7744140625,116.19091796875,937.9385986328125
1689652445419_jpg.rf.221c8d28890054a848b2c8417ff3e237.jpg,14,0.3194737434387207,267.37969970703125,207.60948181152344,556.5838012695312,1024.0
1689652491689_jpg.rf.b9f0d6a405c46dfa44ace070de4a2d90.jpg,59,0.7216123342514038,731.6285400390625,452.2521667480469,1023.6943359375,732.7779541015625
1689652491689_jpg.rf.b9f0d6a405c46dfa44ace070de4a2d90.jpg,0,0.6949712634086609,0.0,191.33396911621094,1019.8616333007812,404.6783142089844
1689652491689_jpg.rf.b9f0d6a405c46dfa44ace070de4a2d90.jpg,60,0.34495389461517334,416.3104553222656,421.1662292480469,1020.2847900390625,767.8817749023438
1689717471365_jpg.rf.e07b5a6e3444bb6cec5b255d9e74aafb.jpg,48,0.38572418689727783,0.15205077826976776,412.58251953125,267.8379821777344,767.8573608398438
1689733035992_jpg.rf.08dc1d1d06c8b9b5b73e3eaf3f7bda94.jpg,14,0.8177914023399353,27.1171875,260.0257263183594,915.212890625,427.35546875
1689739881340_jpg.rf.83fccafc456c8dd50e666b7ca88bfdc9.jpg,14,0.6737115979194641,4.725195407867432,180.80807495117188,831.6921997070312,385.5939025878906
1689739901296_jpg.rf.bc8582cbfd589b77e7d526d9fc10e015.jpg,14,0.787186861038208,4.58935546875,310.0646667480469,930.4296264648438,501.19268798828125
1689739901296_jpg.rf.bc8582cbfd589b77e7d526d9fc10e015.jpg,0,0.3884236216545105,214.2681884765625,629.611572265625,1023.671875,767.9066772460938
1689740066618_jpg.rf.f2488ab4da800656bb81cf0455954946.jpg,0,0.8717759847640991,0.0,247.88052368164062,1004.7880859375,448.026123046875
1689740066618_jpg.rf.f2488ab4da800656bb81cf0455954946.jpg,14,0.4391120970249176,2.1138672828674316,249.68687438964844,1010.876953125,449.677734375
1689740260887_jpg.rf.6365acac028efbf88484bb3dd6f42341.jpg,0,0.9109410047531128,0.0,204.2278289794922,1018.8333129882812,766.73876953125
1689740260887_jpg.rf.6365acac028efbf88484bb3dd6f42341.jpg,0,0.6748043298721313,492.8189392089844,603.9777221679688,1023.5390014648438,768.0
1690159931251_jpg.rf.594ed89d6774345fbd09d7e0b90d6dbd.jpg,43,0.3268333971500397,326.9936218261719,135.5673828125,513.5775146484375,769.7737426757812
1690160029885_jpg.rf.9d828a8b09020267ddc0a42d33582cbb.jpg,0,0.5634525418281555,386.5765075683594,53.770606994628906,564.5778198242188,1024.0
1690337039741_jpg.rf.22d7395baa5f6131871ccde0dbf6a680.jpg,8,0.8142807483673096,21.126953125,144.14541625976562,443.5633850097656,1015.0173950195312
1690349481994_jpg.rf.7cfd5ab8a02e0270040c51d3af1dbcf7.jpg,6,0.92076575756073,427.4228515625,537.2020874023438,847.3621215820312,740.3307495117188
1690349481994_jpg.rf.7cfd5ab8a02e0270040c51d3af1dbcf7.jpg,23,0.7022950649261475,495.8602600097656,190.67422485351562,750.67529296875,285.289794921875
1690349481994_jpg.rf.7cfd5ab8a02e0270040c51d3af1dbcf7.jpg,53,0.6693521738052368,490.78106689453125,281.0841979980469,725.7362670898438,379.6222229003906
1690349481994_jpg.rf.7cfd5ab8a02e0270040c51d3af1dbcf7.jpg,53,0.30507686734199524,498.28887939453125,189.26268005371094,753.9224853515625,285.0199279785156
1690544392983_jpg.rf.67cd8ea3bdb87122321af2d30087de61.jpg,59,0.5393386483192444,0.02324829064309597,180.1226348876953,91.8868408203125,383.1025695800781
1690598682706_jpg.rf.9c5de51d20d9609338bc75c609b34570.jpg,48,0.6763333082199097,748.3560791015625,194.01806640625,913.4058837890625,694.0773315429688
1690598682706_jpg.rf.9c5de51d20d9609338bc75c609b34570.jpg,48,0.4629095494747162,391.8106689453125,166.1069793701172,603.7294311523438,758.363037109375
1690861067104_jpg.rf.2f52aec289b54474794a6e3a21fac588.jpg,60,0.27814313769340515,327.26318359375,135.5054931640625,509.1947326660156,769.5845947265625
1690861524786_jpg.rf.fc6b94b5f3820bec1c69d28e1c9894a3.jpg,14,0.6552948951721191,202.19091796875,107.21943664550781,399.2145690917969,1022.0338134765625
1690861524786_jpg.rf.fc6b94b5f3820bec1c69d28e1c9894a3.jpg,59,0.508452296257019,199.81088256835938,85.93730926513672,409.0782775878906,1024.0
1690890877921_jpg.rf.1f7520bce805e15c441088843118ec5e.jpg,33,0.7054985761642456,128.4806671142578,243.65171813964844,995.8829345703125,461.98297119140625
1691143949361_jpg.rf.38bbd065f80616ca097b65f385856858.jpg,6,0.9512841105461121,201.55018615722656,6.467431545257568,602.23388671875,788.5314331054688
1691197797009_jpg.rf.75e8f1655a8c16d359524c88a73f3044.jpg,6,0.8421930074691772,420.09228515625,535.7589111328125,846.9801635742188,738.3228759765625
1691197797009_jpg.rf.75e8f1655a8c16d359524c88a73f3044.jpg,53,0.3697076737880707,508.1203308105469,179.22923278808594,759.7581176757812,274.125732421875
1691197797009_jpg.rf.75e8f1655a8c16d359524c88a73f3044.jpg,53,0.30594757199287415,464.8802795410156,355.6394958496094,733.3934936523438,448.9170837402344
1691201300294_jpg.rf.8b496e018d8f354069d9df84f5ae0472.jpg,14,0.27235981822013855,47.022071838378906,256.1776428222656,959.3843994140625,579.1203002929688
1691234458029_jpg.rf.7fb9f02d2ae045e0d14fc8b8d79c094e.jpg,53,0.3955928385257721,880.8970947265625,0.0,1024.0,257.04888916015625
1691235083249_jpg.rf.379d75bf12cea45805d71a0d4ef574fd.jpg,14,0.5942746996879578,207.005126953125,89.83576965332031,395.964599609375,866.544921875
1691235144639_jpg.rf.801ae44f08efda2ec54482899d22536b.jpg,8,0.7688226699829102,194.96499633789062,232.08213806152344,457.8658752441406,977.265625
1691235476798_jpg.rf.27f42f80f5c42f4ee6aa820a3ac4b292.jpg,14,0.6379683613777161,197.86074829101562,238.5316162109375,386.1517639160156,881.2802734375
1691235476798_jpg.rf.27f42f80f5c42f4ee6aa820a3ac4b292.jpg,14,0.5233537554740906,248.920166015625,241.7667236328125,408.936767578125,811.0374145507812
1691235988859_jpg.rf.7c96d0f62973fa464b4c0972ea3af9e8.jpg,14,0.8267264366149902,195.33799743652344,292.00811767578125,290.5376892089844,947.4070434570312
1692068562217_jpg.rf.d8da3d86d4f863f5a553343c4a7fa6b5.jpg,59,0.6464750170707703,0.05507812649011612,164.60098266601562,1004.5447387695312,768.0
1692330985857_jpg.rf.44d09800af79d97d75067be4b9c2641a.jpg,23,0.6115337610244751,285.558349609375,525.4140625,802.3297729492188,757.1181030273438
1692330985857_jpg.rf.44d09800af79d97d75067be4b9c2641a.jpg,23,0.5067382454872131,1.6051758527755737,226.1379852294922,586.2565307617188,431.9165954589844
1692330985857_jpg.rf.44d09800af79d97d75067be4b9c2641a.jpg,23,0.4297191798686981,423.4074401855469,331.50067138671875,847.68994140625,531.5901489257812
1692330985857_jpg.rf.44d09800af79d97d75067be4b9c2641a.jpg,6,0.35479244589805603,0.0,0.0,551.5877075195312,263.9189147949219
1692330985857_jpg.rf.44d09800af79d97d75067be4b9c2641a.jpg,23,0.31147584319114685,564.22119140625,0.0,1023.17822265625,260.0964660644531
1692330985857_jpg.rf.44d09800af79d97d75067be4b9c2641a.jpg,23,0.2858962118625641,307.2099304199219,61.97331619262695,561.19140625,233.8772735595703
1692413225981_jpg.rf.4004a8846cf62dfffcbc66242b282b23.jpg,33,0.9482446312904358,23.841943740844727,701.5532836914062,768.0,952.7760009765625
1692413225981_jpg.rf.4004a8846cf62dfffcbc66242b282b23.jpg,33,0.8809829950332642,41.337013244628906,240.57579040527344,766.2086791992188,494.52618408203125
1692413225981_jpg.rf.4004a8846cf62dfffcbc66242b282b23.jpg,33,0.8520621657371521,8.596435546875,483.58154296875,768.0,715.99365234375
1692413842219_jpg.rf.1cd52a2e52667b341c2d1e9e1b6377d3.jpg,33,0.6114229559898376,691.5791015625,114.5250244140625,936.2323608398438,727.6715087890625
1692413842219_jpg.rf.1cd52a2e52667b341c2d1e9e1b6377d3.jpg,33,0.5804224014282227,310.8962097167969,310.59808349609375,474.47686767578125,706.876953125
1692413842219_jpg.rf.1cd52a2e52667b341c2d1e9e1b6377d3.jpg,33,0.2942820191383362,362.7131042480469,246.3128662109375,592.1829223632812,710.7722778320312
1692414093710_jpg.rf.3233d7875d727070760ca1a5f5abeadd.jpg,33,0.8001589775085449,699.405517578125,114.9073257446289,958.0621337890625,740.0255126953125
1692414093710_jpg.rf.3233d7875d727070760ca1a5f5abeadd.jpg,33,0.4910845458507538,313.3185729980469,311.6017150878906,472.86724853515625,713.7404174804688
1692414093710_jpg.rf.3233d7875d727070760ca1a5f5abeadd.jpg,48,0.36652040481567383,519.8472900390625,203.9363250732422,741.1664428710938,701.6058959960938
1692414093710_jpg.rf.3233d7875d727070760ca1a5f5abeadd.jpg,33,0.3649543523788452,382.15350341796875,245.4306640625,592.5205078125,717.4699096679688
1692414093710_jpg.rf.3233d7875d727070760ca1a5f5abeadd.jpg,33,0.3230575919151306,519.2857055664062,200.75987243652344,742.0963745117188,700.6336059570312
1692414486273_jpg.rf.5d107936ed92def25beeffa206a0f46d.jpg,33,0.573272705078125,164.30142211914062,357.36871337890625,601.3153686523438,490.0013122558594
1692414486273_jpg.rf.5d107936ed92def25beeffa206a0f46d.jpg,33,0.4575982093811035,160.9919891357422,624.166015625,580.3744506835938,747.1902465820312
1692414486273_jpg.rf.5d107936ed92def25beeffa206a0f46d.jpg,31,0.2725895941257477,163.14073181152344,623.5774536132812,585.0033569335938,746.9303588867188
1692758040681_jpg.rf.a03e5b99a5f679a536bfc66593c79d76.jpg,59,0.898453414440155,217.62881469726562,484.6949157714844,427.743896484375,787.3816528320312
1692758040681_jpg.rf.a03e5b99a5f679a536bfc66593c79d76.jpg,59,0.828356921672821,32.5064697265625,386.0113220214844,361.8179016113281,520.1822509765625
1692758040681_jpg.rf.a03e5b99a5f679a536bfc66593c79d76.jpg,8,0.39419320225715637,1.9819214344024658,3.5932862758636475,167.8107147216797,395.1400451660156
1692758040681_jpg.rf.a03e5b99a5f679a536bfc66593c79d76.jpg,53,0.3678763806819916,162.7491912841797,241.885986328125,359.6324462890625,444.5401916503906
1693045597639_jpg.rf.024e35258d5ce0ac616b994f62ca4ef6.jpg,44,0.5208221673965454,554.9088134765625,6.144921779632568,784.73046875,655.7040405273438
1693045597639_jpg.rf.024e35258d5ce0ac616b994f62ca4ef6.jpg,44,0.4432695209980011,141.7802276611328,0.4004882872104645,351.9725036621094,657.5582885742188
1693045767461_jpg.rf.41459faeff5e6c0207c511cd68fba093.jpg,0,0.3635045289993286,340.75146484375,429.9833984375,1024.0,680.2293090820312
1693045767461_jpg.rf.41459faeff5e6c0207c511cd68fba093.jpg,0,0.2616885006427765,365.4234313964844,156.3456573486328,1021.81640625,397.37457275390625
1693045954991_jpg.rf.84f270b4524846ec36d30879aab26c94.jpg,14,0.9320405125617981,147.7278289794922,181.904541015625,768.0,374.12969970703125
1693045954991_jpg.rf.84f270b4524846ec36d30879aab26c94.jpg,14,0.9124172329902649,5.861621379852295,765.9855346679688,744.5345458984375,1024.0
1693045954991_jpg.rf.84f270b4524846ec36d30879aab26c94.jpg,14,0.8693621754646301,17.195653915405273,383.8034973144531,763.6177368164062,551.3611450195312
1693045954991_jpg.rf.84f270b4524846ec36d30879aab26c94.jpg,14,0.8480016589164734,41.60698318481445,283.3400573730469,761.834716796875,451.8218688964844
1693045954991_jpg.rf.84f270b4524846ec36d30879aab26c94.jpg,14,0.8429312109947205,147.2584991455078,86.87403106689453,768.0,273.919921875
1693045954991_jpg.rf.84f270b4524846ec36d30879aab26c94.jpg,14,0.8425304293632507,7.248877048492432,639.0303955078125,768.0,807.21044921875
1693045954991_jpg.rf.84f270b4524846ec36d30879aab26c94.jpg,14,0.8023993968963623,35.83769607543945,525.4638061523438,762.68115234375,650.8304443359375
1693045954991_jpg.rf.84f270b4524846ec36d30879aab26c94.jpg,48,0.3960620164871216,0.0,0.3484130799770355,139.77053833007812,376.8894958496094
1693045954991_jpg.rf.84f270b4524846ec36d30879aab26c94.jpg,14,0.32449182868003845,715.044921875,756.2870483398438,768.0,1023.70751953125
1693046054194_jpg.rf.e9dff08e1d542e9d909463346f232006.jpg,23,0.926153838634491,29.288721084594727,336.9191589355469,467.03692626953125,515.7095947265625
1693046054194_jpg.rf.e9dff08e1d542e9d909463346f232006.jpg,23,0.8670170903205872,27.780567169189453,189.0820770263672,444.8864440917969,376.7135314941406
1693046054194_jpg.rf.e9dff08e1d542e9d909463346f232006.jpg,23,0.5448721051216125,163.5671844482422,340.1277770996094,466.7530212402344,489.50347900390625
1693046054194_jpg.rf.e9dff08e1d542e9d909463346f232006.jpg,23,0.39544716477394104,136.66261291503906,190.79017639160156,448.4457092285156,349.898193359375
1693046054194_jpg.rf.e9dff08e1d542e9d909463346f232006.jpg,33,0.3096604347229004,0.42280274629592896,846.6455078125,380.5540466308594,1024.0
1693046250037_jpg.rf.d2138e880ef4a1ca5f5a904d57fe3e69.jpg,23,0.9313485622406006,206.9663848876953,750.9794311523438,670.2398681640625,911.2581176757812
1693046250037_jpg.rf.d2138e880ef4a1ca5f5a904d57fe3e69.jpg,23,0.836943507194519,204.23681640625,636.4655151367188,613.9041137695312,779.5007934570312
1693046250037_jpg.rf.d2138e880ef4a1ca5f5a904d57fe3e69.jpg,23,0.814934253692627,210.8914031982422,907.6974487304688,595.5257568359375,1024.0
1693046250037_jpg.rf.d2138e880ef4a1ca5f5a904d57fe3e69.jpg,23,0.7399920225143433,217.4285125732422,508.66387939453125,625.2396850585938,649.1320190429688
1693046250037_jpg.rf.d2138e880ef4a1ca5f5a904d57fe3e69.jpg,23,0.6693865656852722,212.698974609375,390.6466369628906,449.77960205078125,519.2199096679688
1693046250037_jpg.rf.d2138e880ef4a1ca5f5a904d57fe3e69.jpg,23,0.5273923277854919,176.30137634277344,57.91274642944336,767.2501831054688,277.6073913574219
1693046250037_jpg.rf.d2138e880ef4a1ca5f5a904d57fe3e69.jpg,23,0.4860570728778839,318.9129333496094,922.9016723632812,536.9090576171875,1024.0
1693046250037_jpg.rf.d2138e880ef4a1ca5f5a904d57fe3e69.jpg,23,0.3761819005012512,550.0377197265625,373.83642578125,767.4215698242188,504.35986328125
1693046250037_jpg.rf.d2138e880ef4a1ca5f5a904d57fe3e69.jpg,23,0.3505399227142334,261.8099670410156,901.4074096679688,543.91796875,1023.83984375
1693046250037_jpg.rf.d2138e880ef4a1ca5f5a904d57fe3e69.jpg,23,0.31569209694862366,0.6726318597793579,0.0,193.1291961669922,114.6462173461914
1693046250037_jpg.rf.d2138e880ef4a1ca5f5a904d57fe3e69.jpg,23,0.2916727364063263,210.36831665039062,753.50830078125,534.3190307617188,909.7536010742188
1693046392880_jpg.rf.f5f442b3d3a2b0e38d68dc68e185cdd2.jpg,53,0.2727028727531433,18.529382705688477,0.21207275986671448,411.4339904785156,196.39974975585938
1693046392880_jpg.rf.f5f442b3d3a2b0e38d68dc68e185cdd2.jpg,33,0.2638465166091919,40.975196838378906,277.25579833984375,1024.0,691.0938720703125
1693046578401_jpg.rf.ff48d42fc1173c7ae34c3743e5af0056.jpg,14,0.7813662886619568,433.52520751953125,71.60747528076172,563.96044921875,765.256103515625
1693046578401_jpg.rf.ff48d42fc1173c7ae34c3743e5af0056.jpg,14,0.4589468240737915,525.2389526367188,38.667236328125,709.3222045898438,768.0
1693046578401_jpg.rf.ff48d42fc1173c7ae34c3743e5af0056.jpg,14,0.415853887796402,243.5437469482422,32.720558166503906,448.9476623535156,768.0
1693046578401_jpg.rf.ff48d42fc1173c7ae34c3743e5af0056.jpg,0,0.3871874213218689,240.1842803955078,38.153175354003906,451.3651428222656,767.5673828125
1693046578401_jpg.rf.ff48d42fc1173c7ae34c3743e5af0056.jpg,14,0.30700790882110596,4.528466701507568,23.481006622314453,329.38970947265625,758.9454956054688
1693046578401_jpg.rf.ff48d42fc1173c7ae34c3743e5af0056.jpg,0,0.2596742510795593,627.2416381835938,77.0538101196289,813.4829711914062,764.6648559570312
1693046578401_jpg.rf.ff48d42fc1173c7ae34c3743e5af0056.jpg,0,0.2551380693912506,511.2847595214844,58.42138671875,709.6583862304688,767.3121948242188
1693362996059_jpg.rf.f5c5b3ead2b835dc51cab2e75fa2fb53.jpg,0,0.27386799454689026,108.7151870727539,70.8334732055664,382.8885803222656,815.0155639648438
1693363143543_jpg.rf.54d32577bdbfa62ee5e22e15d7f9aba3.jpg,14,0.5998455286026001,74.853515625,84.99242401123047,848.3585815429688,316.4213562011719
1693363143543_jpg.rf.54d32577bdbfa62ee5e22e15d7f9aba3.jpg,14,0.530514657497406,0.0,131.4338836669922,295.2391052246094,445.4180603027344
1693363143543_jpg.rf.54d32577bdbfa62ee5e22e15d7f9aba3.jpg,53,0.25412410497665405,0.0,374.7421875,88.77774810791016,517.4065551757812
1693363286236_jpg.rf.04c70b618dca9800fe34ccb35defec73.jpg,14,0.9529901146888733,363.3702087402344,128.3831024169922,886.02880859375,272.4278259277344
1693363286236_jpg.rf.04c70b618dca9800fe34ccb35defec73.jpg,14,0.8921124935150146,262.0152282714844,32.17720413208008,663.23681640625,160.9677276611328
1693363286236_jpg.rf.04c70b618dca9800fe34ccb35defec73.jpg,14,0.8225670456886292,247.02989196777344,279.8631286621094,807.1194458007812,450.0125427246094
1693363286236_jpg.rf.04c70b618dca9800fe34ccb35defec73.jpg,14,0.7533100247383118,962.1290893554688,0.0,1024.0,293.9231872558594
1693363286236_jpg.rf.04c70b618dca9800fe34ccb35defec73.jpg,14,0.6567414402961731,125.12332916259766,135.84823608398438,489.2880859375,283.08447265625
1693444885638_jpg.rf.7fde404ea10c0e56c58f34e16c3c6c85.jpg,60,0.40851107239723206,18.790136337280273,206.55088806152344,1024.0,416.5408630371094
1693450516450_jpg.rf.4b3dd706043ceb158e337d2c674156e7.jpg,0,0.48734956979751587,190.15538024902344,104.50727844238281,433.6139221191406,755.4419555664062
1693450624018_jpg.rf.f5c1c659f45e14dddbcee42efde3dc39.jpg,14,0.870429277420044,181.4454803466797,61.330909729003906,782.3400268554688,256.8621520996094
1693450624018_jpg.rf.f5c1c659f45e14dddbcee42efde3dc39.jpg,14,0.30904337763786316,120.7090835571289,180.0996551513672,766.9861450195312,401.491943359375
1693535715149_jpg.rf.e86c2b5c1b505502993a0f58d49f6061.jpg,60,0.8762944340705872,215.0648956298828,178.5440216064453,498.6937561035156,860.9227905273438
1693546581340_jpg.rf.98f81257f3a9ac4d7f25bd0a2e53a98e.jpg,8,0.854601263999939,34.03329086303711,277.61114501953125,401.22314453125,910.2835083007812
1693546581340_jpg.rf.98f81257f3a9ac4d7f25bd0a2e53a98e.jpg,8,0.6817520260810852,254.88340759277344,0.7647461295127869,576.0,291.1928405761719
1693546778635_jpg.rf.96d667ed6d46fd04eb58d460eeec81aa.jpg,63,0.7179566025733948,462.0562438964844,120.42821502685547,837.9697265625,326.1471862792969
1693546778635_jpg.rf.96d667ed6d46fd04eb58d460eeec81aa.jpg,63,0.6218174695968628,226.068603515625,107.159423828125,509.4181823730469,201.4345245361328
1693546778635_jpg.rf.96d667ed6d46fd04eb58d460eeec81aa.jpg,63,0.5880269408226013,89.21894836425781,269.9693298339844,609.5822143554688,450.4222717285156
1693546778635_jpg.rf.96d667ed6d46fd04eb58d460eeec81aa.jpg,0,0.4750364124774933,799.4638671875,156.09046936035156,977.7677612304688,522.7904663085938
1693546778635_jpg.rf.96d667ed6d46fd04eb58d460eeec81aa.jpg,63,0.2970719039440155,560.7335815429688,325.4920654296875,828.3611450195312,503.1758728027344
1693549640994_jpg.rf.154c7d3c21ab6b3244c6cc49cd2c52b7.jpg,6,0.5693078637123108,98.2591552734375,123.3740234375,907.5476684570312,448.78692626953125
1693652276403_jpg.rf.3f9cf6988adb6f85450a7315768f82fe.jpg,14,0.7465720772743225,453.3021545410156,11.211328506469727,632.2444458007812,767.9138793945312
1693652276403_jpg.rf.3f9cf6988adb6f85450a7315768f82fe.jpg,14,0.73615562915802,89.6630859375,0.0,258.0946960449219,699.71533203125
1693652276403_jpg.rf.3f9cf6988adb6f85450a7315768f82fe.jpg,14,0.7219429612159729,608.23681640625,7.936279296875,849.60888671875,768.0
1693652276403_jpg.rf.3f9cf6988adb6f85450a7315768f82fe.jpg,14,0.6571812033653259,208.2781219482422,0.0,382.97900390625,739.3064575195312
1693652276403_jpg.rf.3f9cf6988adb6f85450a7315768f82fe.jpg,14,0.4628277122974396,331.657958984375,0.0,494.401611328125,753.2578125
1694867305294_jpg.rf.5f6b28642302ea4f544ff92961793d6d.jpg,14,0.911017894744873,20.792089462280273,905.5234375,1157.042724609375,1142.2020263671875
1694867305294_jpg.rf.5f6b28642302ea4f544ff92961793d6d.jpg,14,0.5670347213745117,35.850685119628906,676.6295776367188,1166.7410888671875,967.5795288085938
1694867312901_jpg.rf.1f0e6bdf4207cd980c598e243b142eff.jpg,14,0.8868706822395325,8.661523818969727,451.48541259765625,580.4680786132812,571.2872924804688
1694867312901_jpg.rf.1f0e6bdf4207cd980c598e243b142eff.jpg,14,0.542251706123352,13.72021484375,338.7853698730469,583.4449462890625,484.4670104980469
1695258652931_jpg.rf.038a58d7f7e1f72ef13d997e2c0d5cb9.jpg,8,0.8108620047569275,116.48052215576172,23.21064567565918,413.98565673828125,851.5114135742188
1695258772293_jpg.rf.c7d42b0b1e30564fcb54fa95cd9206cc.jpg,0,0.4103454351425171,166.17271423339844,303.5531311035156,358.36529541015625,880.5155639648438
1695258772293_jpg.rf.c7d42b0b1e30564fcb54fa95cd9206cc.jpg,8,0.2703520953655243,165.8691864013672,303.21923828125,358.38720703125,879.3778686523438
1695388917511_jpg.rf.0b73d56f07070aa90b0e4a11d0e41b4c.jpg,14,0.5870408415794373,179.5912628173828,169.7957000732422,419.72906494140625,966.2818603515625
1695388917511_jpg.rf.0b73d56f07070aa90b0e4a11d0e41b4c.jpg,14,0.4512714743614197,147.1564483642578,170.87939453125,292.95318603515625,960.7890625
1695389182703_jpg.rf.c4ceb7cc4477ee48e63385110c88e88c.jpg,0,0.8235362768173218,317.3053283691406,181.8450164794922,451.1681213378906,725.6198120117188
1695389182703_jpg.rf.c4ceb7cc4477ee48e63385110c88e88c.jpg,14,0.38934653997421265,160.2178192138672,112.84526824951172,337.9842224121094,798.9476928710938
1695389182703_jpg.rf.c4ceb7cc4477ee48e63385110c88e88c.jpg,0,0.3690671920776367,155.17881774902344,140.98779296875,340.3993225097656,755.5062866210938
1695511150791_jpg.rf.3e6ca91e1f8d54284a200ca9cf9f7544.jpg,59,0.9453299045562744,379.5462646484375,272.3750915527344,661.783203125,381.81689453125
1695511150791_jpg.rf.3e6ca91e1f8d54284a200ca9cf9f7544.jpg,59,0.939821183681488,326.3518981933594,10.60092830657959,698.038818359375,213.6943359375
1695511150791_jpg.rf.3e6ca91e1f8d54284a200ca9cf9f7544.jpg,59,0.483676016330719,365.5187683105469,187.37489318847656,679.146484375,296.95068359375
1695511964208_jpg.rf.a08e50c86bcbfc623249295aa7f5f6b4.jpg,40,0.2885309159755707,394.20294189453125,380.2560119628906,461.7442321777344,412.7276306152344
1695515249310_jpg.rf.cac5c24cab7704f87dd874e46472b4b8.jpg,48,0.5288730263710022,241.9463348388672,355.1808776855469,441.88287353515625,769.5671997070312
1695515249310_jpg.rf.cac5c24cab7704f87dd874e46472b4b8.jpg,48,0.47477221488952637,111.64863586425781,450.0174865722656,288.82098388671875,984.6316528320312
1695515249310_jpg.rf.cac5c24cab7704f87dd874e46472b4b8.jpg,48,0.3859937787055969,228.22740173339844,248.5635223388672,375.37847900390625,414.8419494628906
1695515493186_jpg.rf.cfe0105ff092eea57cf7c713fa9c54cc.jpg,8,0.3241669535636902,224.1189422607422,254.37734985351562,489.67169189453125,1021.4740600585938
1695515493186_jpg.rf.cfe0105ff092eea57cf7c713fa9c54cc.jpg,48,0.2510126531124115,452.608642578125,331.00677490234375,643.446044921875,945.80224609375
1695521758525_jpg.rf.3477a55101014828d46e6253fb8c77d8.jpg,59,0.9901794195175171,381.1659240722656,390.1904296875,647.1524658203125,475.1341857910156
1695521758525_jpg.rf.3477a55101014828d46e6253fb8c77d8.jpg,59,0.9848960638046265,357.1095886230469,470.1120300292969,615.4494018554688,563.0079345703125
1695521758525_jpg.rf.3477a55101014828d46e6253fb8c77d8.jpg,59,0.9759563207626343,378.59161376953125,304.7342834472656,666.68994140625,397.2467956542969
1695521758525_jpg.rf.3477a55101014828d46e6253fb8c77d8.jpg,59,0.8393090963363647,347.6576843261719,164.54701232910156,686.5494995117188,315.85308837890625
1695521758525_jpg.rf.3477a55101014828d46e6253fb8c77d8.jpg,59,0.4381709396839142,366.2816467285156,551.5195922851562,642.2313842773438,647.1810302734375
1695521758525_jpg.rf.3477a55101014828d46e6253fb8c77d8.jpg,59,0.4286836087703705,594.7268676757812,291.4429626464844,665.19287109375,394.02520751953125
1695521758525_jpg.rf.3477a55101014828d46e6253fb8c77d8.jpg,59,0.41992923617362976,366.4827575683594,551.574462890625,556.65185546875,628.3711547851562
1695521758525_jpg.rf.3477a55101014828d46e6253fb8c77d8.jpg,59,0.3965863287448883,369.08642578125,553.8113403320312,638.9454345703125,688.6580200195312
1695521758525_jpg.rf.3477a55101014828d46e6253fb8c77d8.jpg,59,0.2665289640426636,987.453125,388.7110595703125,1023.7453002929688,564.3712158203125
1695691830697_jpg.rf.89f57912e0e1abba60c8267fae91f9d5.jpg,33,0.8183693289756775,254.76162719726562,453.37042236328125,732.2023315429688,694.3030395507812
1695691830697_jpg.rf.89f57912e0e1abba60c8267fae91f9d5.jpg,33,0.675072968006134,183.54336547851562,591.7373046875,617.0507202148438,766.4701538085938
1695691830697_jpg.rf.89f57912e0e1abba60c8267fae91f9d5.jpg,33,0.5698828101158142,291.03515625,382.14794921875,837.6900634765625,576.02880859375
1695691830697_jpg.rf.89f57912e0e1abba60c8267fae91f9d5.jpg,33,0.42662951350212097,821.6605834960938,574.8531494140625,1023.755859375,768.0
1695691830697_jpg.rf.89f57912e0e1abba60c8267fae91f9d5.jpg,53,0.3325760066509247,0.03139648586511612,519.6318359375,412.09283447265625,768.0
1695713427558_jpg.rf.b76a90861b385ee99e5b0bd988783a3e.jpg,33,0.7626070976257324,173.200927734375,503.6330261230469,712.0345458984375,690.85205078125
1695734103683_jpg.rf.dad5a8b8d6e3dedbc801f32eb92e7f1e.jpg,48,0.6373886466026306,131.34149169921875,19.1630859375,448.7609558105469,957.6071166992188
1695734455651_jpg.rf.cd04a8505fad418123d1bcb729e3cda4.jpg,33,0.7242761254310608,337.6115417480469,225.08848571777344,820.7388916015625,413.1294860839844
1695734455651_jpg.rf.cd04a8505fad418123d1bcb729e3cda4.jpg,33,0.4622132182121277,279.0369873046875,398.4684753417969,813.7337036132812,554.8225708007812
1695734455651_jpg.rf.cd04a8505fad418123d1bcb729e3cda4.jpg,37,0.28481847047805786,276.2390441894531,398.05303955078125,815.8812866210938,555.5048828125
1695734906095_jpg.rf.6bcb67e39a3472f7c05262aa8d32bff3.jpg,14,0.7355772852897644,15.38339900970459,300.60333251953125,1009.7955322265625,550.2892456054688
1695735175273_jpg.rf.80264b51524014b94d8a7074b04f6e6f.jpg,14,0.8288296461105347,0.3750976622104645,213.9264678955078,1024.0,468.1513671875
1695735175273_jpg.rf.80264b51524014b94d8a7074b04f6e6f.jpg,14,0.7899072170257568,0.995800793170929,348.3924560546875,1024.0,768.0
1695735361459_jpg.rf.43cb8d69e5b4011d8aa03ecc6c7f49de.jpg,53,0.8516479730606079,415.5137634277344,212.75927734375,576.50634765625,521.9181518554688
1695735361459_jpg.rf.43cb8d69e5b4011d8aa03ecc6c7f49de.jpg,53,0.7322389483451843,515.5809326171875,226.37612915039062,780.9840698242188,555.351806640625
1695735361459_jpg.rf.43cb8d69e5b4011d8aa03ecc6c7f49de.jpg,53,0.4268149733543396,605.0973510742188,447.8519592285156,881.3749389648438,592.1044311523438
1695735361459_jpg.rf.43cb8d69e5b4011d8aa03ecc6c7f49de.jpg,53,0.25209102034568787,729.9368286132812,308.4254455566406,850.1786499023438,483.4568786621094
1695735670368_jpg.rf.223573fe5487ef92e6189bf8980086ca.jpg,14,0.9271643161773682,1.029394507408142,338.3848571777344,1024.0,493.1294860839844
1695735670368_jpg.rf.223573fe5487ef92e6189bf8980086ca.jpg,14,0.9222103357315063,446.3893737792969,609.8662109375,1022.9866333007812,763.92138671875
1695735670368_jpg.rf.223573fe5487ef92e6189bf8980086ca.jpg,14,0.865832507610321,0.6000000238418579,530.4172973632812,400.3498229980469,768.0
1695735670368_jpg.rf.223573fe5487ef92e6189bf8980086ca.jpg,14,0.844742476940155,508.931640625,526.1583251953125,1023.1801147460938,664.1731567382812
1695735670368_jpg.rf.223573fe5487ef92e6189bf8980086ca.jpg,14,0.8281835913658142,426.64532470703125,481.3465881347656,1023.9628295898438,588.2372436523438
1695735670368_jpg.rf.223573fe5487ef92e6189bf8980086ca.jpg,14,0.351345956325531,272.03125,330.0727844238281,1024.0,507.3194274902344
1695735670368_jpg.rf.223573fe5487ef92e6189bf8980086ca.jpg,14,0.28055262565612793,423.7173767089844,484.77862548828125,1023.6083984375,634.3629150390625
1695735670368_jpg.rf.223573fe5487ef92e6189bf8980086ca.jpg,48,0.27404817938804626,800.5659790039062,0.02229003980755806,1023.7042846679688,167.84983825683594
1696333279652_jpg.rf.3cba5bbcb3705dd95f840b9bb0a02f61.jpg,33,0.9166494011878967,0.0,428.54443359375,611.6994018554688,635.2763671875
1696333279652_jpg.rf.3cba5bbcb3705dd95f840b9bb0a02f61.jpg,33,0.6763644218444824,107.4375,599.1124877929688,509.3255310058594,766.60546875
1696333279652_jpg.rf.3cba5bbcb3705dd95f840b9bb0a02f61.jpg,33,0.5832854509353638,28.993261337280273,726.4110717773438,467.4208984375,950.4938354492188
1696333279652_jpg.rf.3cba5bbcb3705dd95f840b9bb0a02f61.jpg,33,0.30217716097831726,74.02422332763672,235.10147094726562,598.5982666015625,449.693115234375
1696335870241_jpg.rf.394e1aa6ec3c67fa6b8a8fc9560f7b97.jpg,48,0.3359108567237854,301.72369384765625,104.5619125366211,583.5296630859375,893.77294921875
1696946750249_jpg.rf.936cdac1c7a79703716c665628b1bfdd.jpg,33,0.9439122080802917,106.8314437866211,443.49609375,1024.0,767.724609375
1696946750249_jpg.rf.936cdac1c7a79703716c665628b1bfdd.jpg,33,0.9063299894332886,68.67510223388672,66.3358383178711,1020.1296997070312,444.4585876464844
1697005652932_jpg.rf.e6726e23510d916c122f4ada6a951a2c.jpg,0,0.824394166469574,224.01675415039062,419.4093933105469,400.2646179199219,913.9281616210938
1697114382541_jpg.rf.dae864cafec388873144efa8d653262c.jpg,59,0.8036566972732544,311.4792785644531,409.74932861328125,572.0219116210938,1023.3848876953125
1697114382541_jpg.rf.dae864cafec388873144efa8d653262c.jpg,59,0.6169899106025696,35.46516036987305,351.4070129394531,366.2951354980469,1024.0
1697114451439_jpg.rf.258f15fd9fe37c378bac07fd8cb821cc.jpg,33,0.9666417241096497,386.6556701660156,295.797607421875,917.9706420898438,439.28955078125
1697114451439_jpg.rf.258f15fd9fe37c378bac07fd8cb821cc.jpg,33,0.9597278833389282,424.91094970703125,424.7330017089844,900.3287353515625,570.6819458007812
1697114451439_jpg.rf.258f15fd9fe37c378bac07fd8cb821cc.jpg,33,0.9486688375473022,441.1025390625,548.7265014648438,931.8703002929688,722.9529418945312
1697114451439_jpg.rf.258f15fd9fe37c378bac07fd8cb821cc.jpg,33,0.8282083868980408,389.65802001953125,138.14944458007812,841.9192504882812,298.0806579589844
1697114451439_jpg.rf.258f15fd9fe37c378bac07fd8cb821cc.jpg,33,0.32142236828804016,796.1602783203125,0.03166503831744194,1023.7557983398438,312.0755310058594
1697115180424_jpg.rf.8af32603113a9534b2329948854f05bb.jpg,59,0.6982581615447998,956.0894775390625,1523.3123779296875,1327.5296630859375,2048.0
1697115180424_jpg.rf.8af32603113a9534b2329948854f05bb.jpg,59,0.6867942214012146,686.4215087890625,1398.1707763671875,852.5310668945312,1972.5347900390625
1697115180424_jpg.rf.8af32603113a9534b2329948854f05bb.jpg,59,0.37647897005081177,257.7848205566406,753.0227661132812,428.9107971191406,1167.0526123046875
1697115180424_jpg.rf.8af32603113a9534b2329948854f05bb.jpg,59,0.2838071882724762,346.951171875,1485.4078369140625,517.9361572265625,1969.578125
1697115186816_jpg.rf.2dbb25eb48983c5a3f2766c73df98c0d.jpg,59,0.6304387450218201,343.60772705078125,700.3128662109375,426.56787109375,986.4054565429688
1697115186816_jpg.rf.2dbb25eb48983c5a3f2766c73df98c0d.jpg,59,0.5877984762191772,128.8314666748047,376.0089416503906,214.4421844482422,584.5181274414062
1697115186816_jpg.rf.2dbb25eb48983c5a3f2766c73df98c0d.jpg,59,0.47634008526802063,486.1872253417969,761.3311767578125,661.2130126953125,1024.0
1697115186816_jpg.rf.2dbb25eb48983c5a3f2766c73df98c0d.jpg,59,0.375759482383728,174.193115234375,741.3819580078125,259.5623474121094,985.3899536132812
1697115710031_jpg.rf.a0caae70c2d88e5739955ae48d373b27.jpg,59,0.5491546988487244,514.6296997070312,744.2491455078125,716.8949584960938,1013.2946166992188
1697115710031_jpg.rf.a0caae70c2d88e5739955ae48d373b27.jpg,59,0.4490542411804199,68.9670181274414,41.05419921875,235.568603515625,305.550537109375
1697115710031_jpg.rf.a0caae70c2d88e5739955ae48d373b27.jpg,59,0.26501524448394775,161.1474609375,52.359596252441406,340.8591003417969,337.57635498046875
1697115710031_jpg.rf.a0caae70c2d88e5739955ae48d373b27.jpg,59,0.2528965175151825,627.1170654296875,187.53921508789062,728.0360107421875,468.1327209472656
1697192142521_jpg.rf.632b7c610ca8fd29aa34822b7469016a.jpg,8,0.5997891426086426,0.0,353.26397705078125,114.36392974853516,1015.5675659179688
1697269118542_jpg.rf.95ea6c8bb662b68a2a8ab9a55f1f901a.jpg,8,0.9564846754074097,181.92344665527344,224.68838500976562,470.6359558105469,1022.3458862304688
1697269118542_jpg.rf.95ea6c8bb662b68a2a8ab9a55f1f901a.jpg,8,0.5633742213249207,0.0,0.62060546875,54.1859245300293,426.3011169433594
1697269169209_jpg.rf.3f8edd02eab19cf7b4f78072b5b2ce56.jpg,8,0.938514232635498,100.64350891113281,15.065136909484863,539.5853271484375,985.18310546875
1697269169209_jpg.rf.3f8edd02eab19cf7b4f78072b5b2ce56.jpg,8,0.3289664089679718,660.4677124023438,103.6216812133789,767.94873046875,1024.0
1697271152607_jpg.rf.9b0f67f14e74d280f4e82b5a6d3d5f35.jpg,8,0.8473138809204102,145.50527954101562,272.44464111328125,582.7393798828125,767.4691772460938
1697271152607_jpg.rf.9b0f67f14e74d280f4e82b5a6d3d5f35.jpg,8,0.8138484954833984,0.08330078423023224,406.4632263183594,250.72251892089844,767.9833374023438
1697271152607_jpg.rf.9b0f67f14e74d280f4e82b5a6d3d5f35.jpg,8,0.737109899520874,309.5603942871094,229.8263702392578,745.175537109375,655.0040283203125
1697271152607_jpg.rf.9b0f67f14e74d280f4e82b5a6d3d5f35.jpg,8,0.5382980704307556,458.5882873535156,482.29278564453125,1011.146484375,767.8834228515625
1697271152607_jpg.rf.9b0f67f14e74d280f4e82b5a6d3d5f35.jpg,53,0.2866647243499756,488.8456115722656,99.54609680175781,848.8495483398438,453.7439880371094
1697271253513_jpg.rf.b4350bc08592be1cc6574de4ffcfd40a.jpg,8,0.7196191549301147,372.17120361328125,73.4346694946289,882.4207153320312,624.7097778320312
1697271253513_jpg.rf.b4350bc08592be1cc6574de4ffcfd40a.jpg,8,0.46451276540756226,858.5173950195312,595.6861572265625,1023.2748413085938,767.6396484375
1697271253513_jpg.rf.b4350bc08592be1cc6574de4ffcfd40a.jpg,6,0.4541770815849304,108.95672607421875,15.306445121765137,449.19384765625,708.8837280273438
1697271878006_jpg.rf.fdefd484ed276f309ece5f67f23a97be.jpg,33,0.866002082824707,93.1929931640625,384.2533874511719,777.9431762695312,644.99072265625
1697271878006_jpg.rf.fdefd484ed276f309ece5f67f23a97be.jpg,53,0.7204093337059021,57.3839111328125,77.7995376586914,330.9093933105469,302.84619140625
1697271878006_jpg.rf.fdefd484ed276f309ece5f67f23a97be.jpg,33,0.6610516309738159,97.61006164550781,468.3163146972656,783.34033203125,648.3309936523438
1697271878006_jpg.rf.fdefd484ed276f309ece5f67f23a97be.jpg,53,0.6334671974182129,468.9596862792969,100.318359375,801.32568359375,429.47711181640625
1697271878006_jpg.rf.fdefd484ed276f309ece5f67f23a97be.jpg,33,0.4628855884075165,471.0801696777344,386.09649658203125,820.1200561523438,500.50048828125
1697271878006_jpg.rf.fdefd484ed276f309ece5f67f23a97be.jpg,33,0.46083950996398926,471.1263122558594,101.18580627441406,802.0578002929688,431.5711364746094
1697271878006_jpg.rf.fdefd484ed276f309ece5f67f23a97be.jpg,53,0.3301438093185425,144.8457489013672,291.2155456542969,495.1617736816406,444.4233093261719
1697271878006_jpg.rf.fdefd484ed276f309ece5f67f23a97be.jpg,33,0.2878037095069885,307.0146179199219,18.676074981689453,504.6589050292969,437.04156494140625
1697271878006_jpg.rf.fdefd484ed276f309ece5f67f23a97be.jpg,33,0.2565594017505646,146.0269012451172,288.6629943847656,496.01690673828125,444.21221923828125
1697272114334_jpg.rf.6dd1c2e92a193f843dcd05fcc81d4592.jpg,33,0.8496041297912598,0.0,59.64863204956055,1024.0,557.4577026367188
1697272114334_jpg.rf.6dd1c2e92a193f843dcd05fcc81d4592.jpg,33,0.4889322817325592,114.3511962890625,0.07485351711511612,772.0277709960938,241.12319946289062
1697272114334_jpg.rf.6dd1c2e92a193f843dcd05fcc81d4592.jpg,33,0.39371344447135925,245.65225219726562,492.7664489746094,696.9580078125,689.2216186523438
1697273193293_jpg.rf.79d6cc23f26ee5a6788076cb5f9cb1b9.jpg,0,0.3070388436317444,211.29638671875,140.64248657226562,446.5279846191406,1024.0
1697506294036_jpg.rf.db1d5e4e177d25999eb83f81f6a86a34.jpg,33,0.7430103421211243,806.5746459960938,326.7998352050781,1023.7999877929688,618.6879272460938
1697506294036_jpg.rf.db1d5e4e177d25999eb83f81f6a86a34.jpg,33,0.6184775829315186,44.10122299194336,448.42803955078125,598.6268310546875,653.9561767578125
1697506294036_jpg.rf.db1d5e4e177d25999eb83f81f6a86a34.jpg,33,0.568308413028717,265.38262939453125,633.0726928710938,601.7911987304688,747.011962890625
1697506294036_jpg.rf.db1d5e4e177d25999eb83f81f6a86a34.jpg,33,0.5059348940849304,318.4433288574219,405.8042297363281,613.673828125,520.7145385742188
1697506294036_jpg.rf.db1d5e4e177d25999eb83f81f6a86a34.jpg,33,0.3207869231700897,703.4544677734375,274.1649475097656,970.2291259765625,439.1491394042969
1697506294036_jpg.rf.db1d5e4e177d25999eb83f81f6a86a34.jpg,33,0.3172879219055176,542.1729736328125,407.05267333984375,843.35205078125,537.4147338867188
1697506294036_jpg.rf.db1d5e4e177d25999eb83f81f6a86a34.jpg,33,0.25856998562812805,484.7294006347656,144.20359802246094,804.2733764648438,331.6163024902344
1697506536349_jpg.rf.4f223d7947a90b54edf77af9d95001b9.jpg,33,0.42008838057518005,66.88700866699219,357.3905944824219,217.18101501464844,601.6102905273438
1697506693057_jpg.rf.46186c3d03ae3aed8a3940ae221b04d9.jpg,33,0.6642794013023376,10.366162300109863,344.9860534667969,668.7201538085938,588.3170776367188
1697506693057_jpg.rf.46186c3d03ae3aed8a3940ae221b04d9.jpg,33,0.418454647064209,0.0,547.3017578125,320.5055847167969,664.8523559570312
1697506693057_jpg.rf.46186c3d03ae3aed8a3940ae221b04d9.jpg,33,0.2942791283130646,3.512011766433716,86.8048095703125,705.1649780273438,358.2840270996094
1697699933364_jpg.rf.c43205e11e5ada62980f4f554b265234.jpg,23,0.5854536890983582,0.69287109375,452.1299743652344,711.272705078125,690.9830932617188
1697864502865_jpg.rf.c9b29096a667f4747a89e35738cec91d.jpg,63,0.7024527192115784,287.9957580566406,443.7427673339844,506.3566589355469,510.5101623535156
1697864502865_jpg.rf.c9b29096a667f4747a89e35738cec91d.jpg,63,0.6953014731407166,266.0347595214844,300.7625427246094,502.2892761230469,385.69439697265625
1697864502865_jpg.rf.c9b29096a667f4747a89e35738cec91d.jpg,63,0.37634554505348206,279.232666015625,496.673828125,483.979736328125,577.7924194335938
1697864502865_jpg.rf.c9b29096a667f4747a89e35738cec91d.jpg,63,0.35258111357688904,539.4259643554688,431.14825439453125,753.2172241210938,508.4095764160156
1697864502865_jpg.rf.c9b29096a667f4747a89e35738cec91d.jpg,63,0.2608671188354492,485.0119323730469,486.3444519042969,735.6238403320312,560.0003051757812
1697864667586_jpg.rf.df4d098986312aa0efa8ec730ee82d03.jpg,63,0.7416000366210938,422.8690490722656,375.8986511230469,753.9567260742188,485.02587890625
1697864792743_jpg.rf.7bb2cc26d6c0d540d27d177d5e359248.jpg,63,0.26257139444351196,342.2707214355469,369.6826171875,548.0300903320312,513.7442626953125
1697864893088_jpg.rf.2c1613065c4d893cfdd22d9b48100963.jpg,60,0.4232524633407593,387.321044921875,324.7814636230469,532.0499877929688,836.3277587890625
1697864893088_jpg.rf.2c1613065c4d893cfdd22d9b48100963.jpg,60,0.38594090938568115,266.1535339355469,320.0457458496094,397.2708435058594,782.9867553710938
1698056471266_jpg.rf.6a01d272ecdf391ffc417e24cea35a72.jpg,48,0.8858140110969543,230.34312438964844,375.0910339355469,373.1586608886719,882.2492065429688
1698056471266_jpg.rf.6a01d272ecdf391ffc417e24cea35a72.jpg,48,0.7483513951301575,80.41637420654297,406.9071044921875,207.3131103515625,778.4176635742188
1698056471266_jpg.rf.6a01d272ecdf391ffc417e24cea35a72.jpg,48,0.7206941843032837,371.8023376464844,242.2001953125,579.0857543945312,720.6744995117188
1698056471266_jpg.rf.6a01d272ecdf391ffc417e24cea35a72.jpg,48,0.28241443634033203,122.20722961425781,354.1092224121094,297.5389709472656,787.2634887695312
1698064010523_jpg.rf.ac610249e3d3487a882f1f9915f35804.jpg,60,0.6483972072601318,630.0943603515625,7.640429973602295,768.0,1005.3824462890625
1698064010523_jpg.rf.ac610249e3d3487a882f1f9915f35804.jpg,48,0.30956217646598816,132.4848175048828,23.537109375,614.8948974609375,1024.0
1698141339810_jpg.rf.7473682a616ae676dfb315419117646f.jpg,33,0.9036864638328552,0.513989269733429,499.9909362792969,288.6036071777344,674.85595703125
1698141339810_jpg.rf.7473682a616ae676dfb315419117646f.jpg,33,0.7635192275047302,829.1226806640625,350.0644836425781,958.0910034179688,741.8582153320312
1698141339810_jpg.rf.7473682a616ae676dfb315419117646f.jpg,33,0.3498111963272095,247.69277954101562,558.095458984375,663.1205444335938,705.3339233398438
1698141339810_jpg.rf.7473682a616ae676dfb315419117646f.jpg,33,0.28144359588623047,0.0,344.626953125,289.18572998046875,532.5671997070312
1698141339810_jpg.rf.7473682a616ae676dfb315419117646f.jpg,33,0.2517903447151184,0.09975586086511612,270.3892517089844,287.4154357910156,402.5692443847656
1698143082765_jpg.rf.836b94aff72bfb84c0becc887dfcb773.jpg,6,0.6318004131317139,0.24040527641773224,501.58648681640625,241.2889404296875,768.0
1698143082765_jpg.rf.836b94aff72bfb84c0becc887dfcb773.jpg,47,0.4078335762023926,384.9273376464844,0.0,685.3927612304688,187.0647735595703
1698143235892_jpg.rf.e690addc0f4a5510becf53bca3cb54e1.jpg,0,0.6554979681968689,215.224853515625,338.9484558105469,556.635986328125,841.6659545898438
1698274064708_jpg.rf.eb74718ee7bb198f6c69f698a715a692.jpg,33,0.8590572476387024,87.97871398925781,404.5547180175781,674.2537231445312,646.6533203125
1698274064708_jpg.rf.eb74718ee7bb198f6c69f698a715a692.jpg,33,0.5925215482711792,112.027587890625,564.8101806640625,613.955810546875,747.9732666015625
1698274064708_jpg.rf.eb74718ee7bb198f6c69f698a715a692.jpg,33,0.5395765900611877,79.79267883300781,699.4950561523438,578.6730346679688,881.8602905273438
1698286550777_jpg.rf.4a7439a9aba26fbe0543e0a7a6d237c6.jpg,2,0.6261572241783142,86.0967788696289,60.793556213378906,469.145263671875,879.8684692382812
1698317977154_jpg.rf.f9c9df7d681d3faafb1a856d00192e8f.jpg,33,0.28489646315574646,138.1195831298828,59.64912033081055,436.8521423339844,1012.1715087890625
1698318542443_jpg.rf.b0f5a7a9c6a08856c404b0ecd57f084c.jpg,63,0.8283341526985168,248.2141571044922,127.66287994384766,669.8595581054688,353.36505126953125
1698318753454_jpg.rf.34cb73e5d13f4d68a089f32a1cb50ccc.jpg,64,0.4501558840274811,33.51845932006836,277.7528381347656,575.3746337890625,619.5189819335938
1698324089147_jpg.rf.f2057b07b400d145a2a86a6360d52036.jpg,48,0.29427051544189453,730.2650146484375,595.2696533203125,1009.5443725585938,767.9225463867188
1698324685559_jpg.rf.2d1471e73e94106d3f6a5d3375b0f876.jpg,33,0.2559528946876526,555.6664428710938,589.3966674804688,805.6077270507812,768.0
1698410051361_jpg.rf.1f6044f11639f46c0ddf69ce0fd643e2.jpg,44,0.525766909122467,82.96015930175781,128.51748657226562,441.85992431640625,1024.0
1698410084921_jpg.rf.1c541ec64e9e083ef86b0aaca62327ba.jpg,63,0.5354793667793274,145.46011352539062,251.0426788330078,575.3984375,462.7515563964844
1698410084921_jpg.rf.1c541ec64e9e083ef86b0aaca62327ba.jpg,63,0.3302713930606842,187.10513305664062,389.7929992675781,437.6393737792969,1022.1597900390625
1698410084921_jpg.rf.1c541ec64e9e083ef86b0aaca62327ba.jpg,59,0.3047464191913605,183.0984344482422,392.51348876953125,438.3133239746094,1024.0
1698410212946_jpg.rf.0dee39f221b614e5919095b906ee93c6.jpg,63,0.2700066566467285,137.41038513183594,559.64599609375,325.0241394042969,1023.0201416015625
1698527855359_jpg.rf.ecc73bab6ccc0c68bab9b0926e11df9f.jpg,33,0.6927828192710876,92.9732666015625,122.4403305053711,309.80853271484375,701.568359375
1698527855359_jpg.rf.ecc73bab6ccc0c68bab9b0926e11df9f.jpg,44,0.44758740067481995,228.318603515625,89.49238586425781,501.0722351074219,713.959228515625
1698527855359_jpg.rf.ecc73bab6ccc0c68bab9b0926e11df9f.jpg,33,0.31042760610580444,455.9615783691406,0.8070312738418579,676.0753784179688,630.2515869140625
1698528209061_jpg.rf.7cba76761dfaee45ac8f09f496d0812a.jpg,44,0.3392939269542694,39.36342239379883,0.0,228.03892517089844,532.1984252929688
1698528209061_jpg.rf.7cba76761dfaee45ac8f09f496d0812a.jpg,33,0.31514307856559753,39.451148986816406,0.7295898795127869,222.3285675048828,534.1342163085938
1698528308697_jpg.rf.f85654dd60f701c937271dd71cf705b6.jpg,33,0.892676830291748,0.0,3.499462842941284,220.8654327392578,463.2824401855469
1698528308697_jpg.rf.f85654dd60f701c937271dd71cf705b6.jpg,33,0.8626226782798767,412.1322937011719,0.18300782144069672,725.5034790039062,331.11187744140625
1698528308697_jpg.rf.f85654dd60f701c937271dd71cf705b6.jpg,33,0.6472237706184387,73.7476806640625,0.0,399.3863220214844,408.8207702636719
1698528308697_jpg.rf.f85654dd60f701c937271dd71cf705b6.jpg,33,0.4068518280982971,681.966796875,0.24062500894069672,918.064453125,354.9937438964844
1698528308697_jpg.rf.f85654dd60f701c937271dd71cf705b6.jpg,59,0.35853397846221924,711.8619995117188,710.64306640625,1024.0,767.9306030273438
1698528616835_jpg.rf.0511ecc7f47a52b1ebcc820a9ff5e5b6.jpg,53,0.6720665097236633,429.9759826660156,0.35986328125,768.0,216.08653259277344
1698528638801_jpg.rf.9099afc0e3f75f1b153a0d39fb7df1f8.jpg,44,0.28280913829803467,803.4713134765625,0.0,1023.9462890625,670.1276245117188
1698546478939_jpg.rf.b798e1fb2eff258780144812a517ae68.jpg,6,0.2663719058036804,0.9110351800918579,214.953857421875,1009.6834106445312,496.46337890625
1698546986877_jpg.rf.20ec3ffcae48e25ee7decb52db1413c5.jpg,53,0.42211538553237915,606.3591918945312,315.6932067871094,868.1763916015625,530.4498291015625
1698546986877_jpg.rf.20ec3ffcae48e25ee7decb52db1413c5.jpg,63,0.3837035298347473,565.5233764648438,317.23291015625,865.8214111328125,556.2567749023438
1698547361115_jpg.rf.233039c718913a21ba06020344e37d41.jpg,8,0.3451393246650696,494.5455017089844,10.785962104797363,763.2429809570312,811.5830078125
1698547361115_jpg.rf.233039c718913a21ba06020344e37d41.jpg,14,0.3010193109512329,574.6166381835938,0.0,767.8230590820312,824.5349731445312
1698547581641_jpg.rf.59540a85cc4c20f2eed87948fb6dcfe0.jpg,48,0.8108961582183838,406.7087097167969,305.5171813964844,590.7847900390625,871.4832153320312
1698547581641_jpg.rf.59540a85cc4c20f2eed87948fb6dcfe0.jpg,48,0.6708608269691467,255.64561462402344,455.2222595214844,551.2496948242188,1022.8700561523438
1698547581641_jpg.rf.59540a85cc4c20f2eed87948fb6dcfe0.jpg,53,0.4351828992366791,92.63065338134766,79.7921371459961,427.5624084472656,507.0595397949219
1698547818209_jpg.rf.b7c4efb5ace3a4ec83487599868d0e44.jpg,6,0.9597368836402893,293.85089111328125,269.4508361816406,649.57177734375,600.139892578125
1698547818209_jpg.rf.b7c4efb5ace3a4ec83487599868d0e44.jpg,6,0.9222583174705505,617.3333129882812,207.8436279296875,828.2125854492188,675.3460083007812
1698547818209_jpg.rf.b7c4efb5ace3a4ec83487599868d0e44.jpg,6,0.8478173017501831,158.1452178955078,87.0389175415039,580.9267578125,573.044189453125
1698547995586_jpg.rf.4442c959622ddf65fe7cd8f67e9ad962.jpg,48,0.7887477278709412,365.9235534667969,0.0,768.0,653.415771484375
1698547995586_jpg.rf.4442c959622ddf65fe7cd8f67e9ad962.jpg,48,0.3692910969257355,325.2052917480469,109.27007293701172,484.9782409667969,698.1475219726562
1698547995586_jpg.rf.4442c959622ddf65fe7cd8f67e9ad962.jpg,48,0.2914854884147644,161.1982879638672,34.47578048706055,461.2729187011719,872.8941650390625
1698548955693_jpg.rf.992cf84c886ff75943ce7f44542aa2c6.jpg,48,0.9507421255111694,51.71586990356445,231.7169952392578,319.7712707519531,690.1826171875
1698548955693_jpg.rf.992cf84c886ff75943ce7f44542aa2c6.jpg,48,0.7687491178512573,412.26544189453125,274.29962158203125,657.6834106445312,988.4713745117188
1698548955693_jpg.rf.992cf84c886ff75943ce7f44542aa2c6.jpg,48,0.45324674248695374,604.33544921875,111.23247528076172,767.9491577148438,719.9771118164062
1698660942801_jpg.rf.d8ad0c4f0182fea1a2c4883f18cd814b.jpg,59,0.34406208992004395,178.86163330078125,375.4190368652344,317.64825439453125,808.7728881835938
1698660942801_jpg.rf.d8ad0c4f0182fea1a2c4883f18cd814b.jpg,59,0.26348963379859924,204.0666046142578,301.8910827636719,586.6633911132812,425.86328125
1698661235894_jpg.rf.1c01263205d85c2dcab129e48501d342.jpg,33,0.5194774866104126,250.5027618408203,543.9049072265625,698.859375,718.0595703125
1698661235894_jpg.rf.1c01263205d85c2dcab129e48501d342.jpg,33,0.38901668787002563,173.85028076171875,219.609375,349.5099792480469,640.1105346679688
1698661235894_jpg.rf.1c01263205d85c2dcab129e48501d342.jpg,44,0.3086656332015991,514.60107421875,261.00244140625,942.4070434570312,556.8413696289062
1698661235894_jpg.rf.1c01263205d85c2dcab129e48501d342.jpg,33,0.2541186809539795,295.9424743652344,251.8354949951172,625.5758666992188,406.5082092285156
1698661390954_jpg.rf.2eadf6537b573a663a2b9482ae90ecaa.jpg,44,0.6586471796035767,104.7074203491211,245.8118133544922,270.2381286621094,774.8912353515625
1698661390954_jpg.rf.2eadf6537b573a663a2b9482ae90ecaa.jpg,44,0.47662749886512756,239.79043579101562,120.35784149169922,468.268798828125,397.2590637207031
1698662104886_jpg.rf.808833a3dba7a63114c14a8cfbe9b714.jpg,63,0.39589595794677734,436.60870361328125,404.6019592285156,695.3819580078125,538.4083251953125
1698662651172_jpg.rf.428e088e7f23d750486c72377254e824.jpg,63,0.321865975856781,560.2586059570312,465.969970703125,825.2758178710938,570.6668701171875
1698662651172_jpg.rf.428e088e7f23d750486c72377254e824.jpg,63,0.3000994622707367,375.88214111328125,366.88330078125,648.2021484375,497.80322265625
1698662908475_jpg.rf.8b750816cc836a03cf908aaa2b090a4e.jpg,33,0.36576372385025024,218.80528259277344,182.9904327392578,954.1970825195312,453.8427734375
1698740072533_jpg.rf.238377be49254e4a7af30e4f2424948c.jpg,44,0.36629679799079895,0.0,123.98262786865234,647.0267944335938,384.4580993652344
1698740471563_jpg.rf.dd1b90b22edf71b4bf7f482765b9d4b7.jpg,33,0.9470238089561462,396.62921142578125,748.6080932617188,767.8308715820312,1024.0
1698740471563_jpg.rf.dd1b90b22edf71b4bf7f482765b9d4b7.jpg,33,0.9069392681121826,8.283984184265137,564.98583984375,620.8522338867188,805.2948608398438
1698740471563_jpg.rf.dd1b90b22edf71b4bf7f482765b9d4b7.jpg,33,0.7745640873908997,35.32221603393555,789.6582641601562,570.3532104492188,1019.10546875
1698740471563_jpg.rf.dd1b90b22edf71b4bf7f482765b9d4b7.jpg,33,0.73479825258255,62.14350509643555,294.1788024902344,491.95538330078125,447.8497619628906
1698740471563_jpg.rf.dd1b90b22edf71b4bf7f482765b9d4b7.jpg,33,0.565081775188446,48.12958908081055,381.58612060546875,620.9635009765625,614.7902221679688
1698740471563_jpg.rf.dd1b90b22edf71b4bf7f482765b9d4b7.jpg,33,0.4601610004901886,252.8495330810547,245.0910186767578,768.0,411.7541198730469
1698740970816_jpg.rf.9ab9e3ba61bebef1bbc2bdfb5b7b1f03.jpg,44,0.2676117718219757,821.9288940429688,51.36542892456055,1022.9754028320312,495.6700134277344
1698741342007_jpg.rf.b92c6bd21ebbedfc5f89f9a5275401ee.jpg,63,0.6427088975906372,183.0506134033203,210.53330993652344,342.8435974121094,472.583984375
1698741342007_jpg.rf.b92c6bd21ebbedfc5f89f9a5275401ee.jpg,63,0.5541189312934875,479.4670104980469,428.28692626953125,621.8303833007812,795.2504272460938
1698741342007_jpg.rf.b92c6bd21ebbedfc5f89f9a5275401ee.jpg,63,0.379727840423584,135.6750030517578,393.2392272949219,290.0636291503906,662.368896484375
1698884042665_jpg.rf.bfc02d50a04ee0d89646b20b30dd6b21.jpg,14,0.2668488919734955,535.1144409179688,121.1885757446289,768.0,1024.0
1698926218599_jpg.rf.211bb8086ff02cf10a636ffd67565ea6.jpg,44,0.6477858424186707,234.2630615234375,217.2614288330078,393.9373474121094,662.5538330078125
1698926218599_jpg.rf.211bb8086ff02cf10a636ffd67565ea6.jpg,44,0.6107967495918274,115.8521728515625,233.24082946777344,266.1691589355469,584.6295776367188
1698926724684_jpg.rf.5d8a21e1713064d612453d6d0a920184.jpg,44,0.4465045630931854,257.6396179199219,328.0704040527344,421.7527770996094,718.1336059570312
1698927145975_jpg.rf.c4de3325c6b467737a24b96bd11b1de4.jpg,44,0.627758264541626,427.9087829589844,123.24370574951172,583.2797241210938,577.7360229492188
1698927145975_jpg.rf.c4de3325c6b467737a24b96bd11b1de4.jpg,44,0.5091527700424194,578.0170288085938,118.520751953125,727.2511596679688,552.27734375
1698927145975_jpg.rf.c4de3325c6b467737a24b96bd11b1de4.jpg,44,0.38137075304985046,267.5099792480469,110.11162567138672,430.449951171875,588.6920166015625
1698927145975_jpg.rf.c4de3325c6b467737a24b96bd11b1de4.jpg,44,0.2850323021411896,687.2483520507812,93.24492645263672,850.7987670898438,542.6680908203125
1698927262789_jpg.rf.57a94abcf0a88bd0707ae6f437639a55.jpg,44,0.6574743986129761,360.58575439453125,245.3025360107422,511.28253173828125,739.4674682617188
1698927262789_jpg.rf.57a94abcf0a88bd0707ae6f437639a55.jpg,44,0.6006901264190674,513.5805053710938,273.0036315917969,654.3154296875,722.4169311523438
1698927262789_jpg.rf.57a94abcf0a88bd0707ae6f437639a55.jpg,0,0.5422947406768799,789.6190795898438,0.0,945.0731811523438,389.3123474121094
1698927262789_jpg.rf.57a94abcf0a88bd0707ae6f437639a55.jpg,0,0.43568530678749084,880.0665893554688,0.5920166373252869,1023.6923828125,386.9281311035156
1698927262789_jpg.rf.57a94abcf0a88bd0707ae6f437639a55.jpg,0,0.29713961482048035,582.3734741210938,0.0,875.2511596679688,152.9223175048828
1698927784464_jpg.rf.e961b1ff758a57ac38af2e1d3337535d.jpg,44,0.2967418134212494,765.053466796875,262.89776611328125,903.2664184570312,669.4440307617188
1698928222909_jpg.rf.1450bef90fc1209a4081e3161d45ee4a.jpg,44,0.7207252979278564,550.1414794921875,270.2965087890625,743.0209350585938,766.8082275390625
1698928222909_jpg.rf.1450bef90fc1209a4081e3161d45ee4a.jpg,44,0.5073696970939636,619.8778686523438,0.0,996.8161010742188,141.4227294921875
1698928222909_jpg.rf.1450bef90fc1209a4081e3161d45ee4a.jpg,44,0.3783130645751953,850.9290161132812,0.0,1023.5657348632812,399.04266357421875
1698928724030_jpg.rf.650b4b34c9015f56f9103585602a6416.jpg,33,0.923095703125,459.2969665527344,0.0,920.1829223632812,158.51016235351562
1698928724030_jpg.rf.650b4b34c9015f56f9103585602a6416.jpg,33,0.9095022082328796,764.1289672851562,0.512438952922821,989.509765625,193.97352600097656
1698928724030_jpg.rf.650b4b34c9015f56f9103585602a6416.jpg,33,0.7859766483306885,303.20263671875,0.57269287109375,760.37353515625,187.33526611328125
1698928724030_jpg.rf.650b4b34c9015f56f9103585602a6416.jpg,33,0.6797364354133606,228.600830078125,230.93760681152344,753.7620849609375,430.5545349121094
1698928724030_jpg.rf.650b4b34c9015f56f9103585602a6416.jpg,33,0.638394832611084,647.3436889648438,280.6295471191406,1024.0,416.69976806640625
1698928724030_jpg.rf.650b4b34c9015f56f9103585602a6416.jpg,33,0.5869890451431274,667.46337890625,573.0611572265625,1024.0,696.5734252929688
1698928724030_jpg.rf.650b4b34c9015f56f9103585602a6416.jpg,33,0.5567213296890259,574.4105834960938,139.35357666015625,1024.0,309.4705505371094
1698928724030_jpg.rf.650b4b34c9015f56f9103585602a6416.jpg,33,0.5070552825927734,562.6259765625,350.9952392578125,1024.0,585.81005859375
1698928724030_jpg.rf.650b4b34c9015f56f9103585602a6416.jpg,33,0.43890148401260376,189.9810791015625,395.8191833496094,743.4086303710938,682.278564453125
1698928724030_jpg.rf.650b4b34c9015f56f9103585602a6416.jpg,48,0.3202359974384308,666.8612670898438,571.8883666992188,1023.8772583007812,694.9247436523438
1699167222100_jpg.rf.02e625e53e0315c7eb8b8a955aa9ff49.jpg,14,0.37503182888031006,154.09072875976562,327.7026062011719,753.482421875,545.3261108398438
1699355005032_jpg.rf.907a8d836a13133b8d96dc2df6a73ad9.jpg,8,0.3793583810329437,370.2958679199219,69.28352355957031,644.02734375,820.1520385742188
1699355005032_jpg.rf.907a8d836a13133b8d96dc2df6a73ad9.jpg,8,0.29037758708000183,4.528186321258545,17.03339958190918,406.113037109375,581.7948608398438
1699355371850_jpg.rf.9e8553c1365c888e2c6af192920aeaba.jpg,8,0.3917222023010254,176.6652374267578,209.5762176513672,1024.0,551.7774658203125
1699356149974_jpg.rf.4950b80f7cf73982e1199dc0e79cf22e.jpg,59,0.6075610518455505,316.7306823730469,640.9636840820312,507.2931823730469,717.9164428710938
